{"cameraMode":{"drawMode":0,"name":"Shaded","section":"Shading Mode"},"sceneLighting":false,"audioPlay":false,"sceneViewState":{"showFog":true,"showMaterialUpdate":false,"showSkybox":false,"showFlares":true,"showImageEffects":true,"showParticleSystems":true},"in2DMode":false,"pivot":{"x":0.0000010132789611816407,"y":0.43849408626556399,"z":-0.01874631643295288},"rotation":{"x":0.4453856647014618,"y":0.32298943400382998,"z":-0.17624199390411378,"w":0.8162432312965393},"size":2.9765515327453615,"orthographic":false}