{"cameraMode":{"drawMode":0,"name":"Shaded","section":"Shading Mode"},"sceneLighting":false,"audioPlay":false,"sceneViewState":{"showFog":true,"showMaterialUpdate":false,"showSkybox":false,"showFlares":true,"showImageEffects":true,"showParticleSystems":true},"in2DMode":false,"pivot":{"x":0.04294736683368683,"y":-0.05805264413356781,"z":0.0329473614692688},"rotation":{"x":0.04976825788617134,"y":0.8351423144340515,"z":-0.07662941515445709,"w":0.5423954725265503},"size":1.730372428894043,"orthographic":false}