{"cameraMode":{"drawMode":0,"name":"Shaded","section":"Shading Mode"},"sceneLighting":true,"audioPlay":false,"sceneViewState":{"showFog":true,"showMaterialUpdate":true,"showSkybox":true,"showFlares":true,"showImageEffects":true,"showParticleSystems":true},"in2DMode":false,"pivot":{"x":8.096248626708985,"y":269.18060302734377,"z":0.0},"rotation":{"x":0.44965702295303347,"y":-0.1375553011894226,"z":0.07031486183404923,"w":0.8797600269317627},"size":34.0295295715332,"orthographic":false}