{"cameraMode":{"drawMode":0,"name":"Shaded","section":"Shading Mode"},"sceneLighting":false,"audioPlay":false,"sceneViewState":{"showFog":true,"showMaterialUpdate":false,"showSkybox":false,"showFlares":true,"showImageEffects":true,"showParticleSystems":true},"in2DMode":false,"pivot":{"x":1.544006586074829,"y":-0.5987184643745422,"z":-1.137643575668335},"rotation":{"x":0.04976825788617134,"y":0.8351423144340515,"z":-0.07662941515445709,"w":0.5423954725265503},"size":5.511695861816406,"orthographic":false}