{"cameraMode":{"drawMode":0,"name":"Shaded","section":"Shading Mode"},"sceneLighting":false,"audioPlay":false,"sceneViewState":{"showFog":true,"showMaterialUpdate":false,"showSkybox":false,"showFlares":true,"showImageEffects":true,"showParticleSystems":true},"in2DMode":false,"pivot":{"x":24.846311569213868,"y":-1.0811312198638917,"z":-3.2685093879699709},"rotation":{"x":-0.035805847495794299,"y":0.6649085879325867,"z":0.03194015845656395,"w":0.7453822493553162},"size":4.061820983886719,"orthographic":true}