{"cameraMode":{"drawMode":0,"name":"Shaded","section":"Shading Mode"},"sceneLighting":false,"audioPlay":false,"sceneViewState":{"showFog":true,"showMaterialUpdate":false,"showSkybox":false,"showFlares":true,"showImageEffects":true,"showParticleSystems":true},"in2DMode":false,"pivot":{"x":-0.7490000128746033,"y":-0.05364742875099182,"z":0.0},"rotation":{"x":0.2680126130580902,"y":0.1796254962682724,"z":-0.05093460902571678,"w":0.9451587200164795},"size":2.7978556156158449,"orthographic":false}