{"cameraMode":{"drawMode":0,"name":"Shaded","section":"Shading Mode"},"sceneLighting":false,"audioPlay":false,"sceneViewState":{"showFog":true,"showMaterialUpdate":true,"showSkybox":true,"showFlares":true,"showImageEffects":true,"showParticleSystems":true},"in2DMode":false,"pivot":{"x":18.304698944091798,"y":-0.925277590751648,"z":4.284239768981934},"rotation":{"x":0.18816664814949037,"y":0.381933331489563,"z":-0.07973193377256394,"w":0.9013232588768005},"size":0.5290969610214233,"orthographic":false}