{"cameraMode":{"drawMode":0,"name":"Shaded","section":"Shading Mode"},"sceneLighting":false,"audioPlay":false,"sceneViewState":{"showFog":true,"showMaterialUpdate":false,"showSkybox":false,"showFlares":true,"showImageEffects":true,"showParticleSystems":true},"in2DMode":false,"pivot":{"x":16.276195526123048,"y":1.0491262674331666,"z":21.74181365966797},"rotation":{"x":0.0039766407571733,"y":0.9950823187828064,"z":-0.08829544484615326,"w":0.04480823501944542},"size":0.9511323571205139,"orthographic":false}