{"cameraMode":{"drawMode":0,"name":"Shaded","section":"Shading Mode"},"sceneLighting":false,"audioPlay":false,"sceneViewState":{"showFog":true,"showMaterialUpdate":false,"showSkybox":false,"showFlares":true,"showImageEffects":true,"showParticleSystems":true},"in2DMode":false,"pivot":{"x":-1.5399999618530274,"y":-0.07076627016067505,"z":0.0},"rotation":{"x":-0.1604856699705124,"y":-0.2180490791797638,"z":0.036384452134370807,"w":-0.9619721174240112},"size":1.7559236288070679,"orthographic":false}