{"cameraMode":{"drawMode":0,"name":"Shaded","section":"Shading Mode"},"sceneLighting":false,"audioPlay":false,"sceneViewState":{"showFog":true,"showMaterialUpdate":true,"showSkybox":false,"showFlares":true,"showImageEffects":true,"showParticleSystems":true},"in2DMode":false,"pivot":{"x":-0.4934649169445038,"y":0.45466873049736025,"z":0.48505574464797976},"rotation":{"x":0.037912748754024509,"y":-0.9126973748207092,"z":-0.08706178516149521,"w":-0.39745083451271059},"size":0.02344489097595215,"orthographic":false}