{"cameraMode":{"drawMode":0,"name":"Shaded","section":"Shading Mode"},"sceneLighting":false,"audioPlay":false,"sceneViewState":{"showFog":true,"showMaterialUpdate":true,"showSkybox":false,"showFlares":true,"showImageEffects":true,"showParticleSystems":true},"in2DMode":false,"pivot":{"x":-0.7458747625350952,"y":-0.004004567861557007,"z":0.2714000642299652},"rotation":{"x":0.29319438338279726,"y":0.04443594440817833,"z":-0.013643404468894005,"w":0.9549228549003601},"size":1.0254335403442383,"orthographic":false}